file,5cafe8606fa1f28b535c69c57f78593c4e6ea85a,882adf0ae638c69928e14ed7e34de7364ed65ba1,2af4fba7e586b17f9e7bc54b761ef2909d690b12,99617a529378f00cb86ab733959c7be9966860c9,d867ac1f41c59b31f8fb4f54a06c0118018cfc81,fb463c79e0cb63114a2f220182e7c7ed3e0f4205,3674ad9dab8f29173d7d4ee82488a8e9ea586240,a320737b18c19e3ec59035e5e487f2af1dcd0172,852a8babd4bafe26de91049cec37ffe6fb33cacb,a8e8a67306c0b26b8fe9c74a1fb00bacfa224cf7,31be903a74864e58980e0e22fd993a280c9138b3,2cbd776250553a4e5d3dbb4dc286a3ceb7724158,96f407bce56b98cd824d18e32ee012dbb99a0286,49c9c01f5b100ca400fb6d3a5b1fab6721c7ee8b,b5b1252ce1d2f81a51801a1b62bcf0b86fdf7238,f2af290c53d88df5d9c07fbfacc7e34bf886a1b4,b0def95b596448564890ab8f88ef8da9739f823c,a20433245c42f089ad21caed85629434742407e9,b408f9ebea8b86255f7ce14b06bb96af6d83d1ee,fa741a52cedfbdf149bf945a26f8895df1c20728,48b685e8521ea54d93c0d8d9e4ea80ecb1400dce,8385bb639ad8a6a86393a05813fd9b0b45876a2e,99b82dbb43277035562e7b82bb9bdebd84510e96,ef0e447addccf97aadc527cea67d303523a88989,1e64a9d0369e07a195c6267d14438337773d9248,e8ee9ed4b965a9bf9addc5f0e1c476d56c19704d,177f607057a9d4c4b3746cec51e8e283938a5363,e42164b63baf7c86ac64078f68e61097c4741711,d766f4fb20af4914b54420e22af0de909eb180ed,84fe374d2964079c2b54f7eb3682af977f75378f,ffe48ec6ee9d541055208eeea2e974c158e427b2,9fc957cf3097e54ccd72e51b2d0650dc3e83eae0,d00fcbc43980528990e2de4423d0fd8d8d5e8b95,11b073e6313e5284d69b3037d3f1e4bd5de1e4ba,ecd66de2bdf2ecb88c4276a4616a76f5ec2921bb,f5a09c125cce2078832c20f35eba3ab43eb5c36b,6f7b38987e45875d6857bc9ec6c72671d22bf82b,1e978df3a80a8201ce95253e3fd822fd804993d7,1c3ff9242a0bfc5c544c69f68ee7b17a464a5ab3,5a665b805ea8755112a5f1d0d81e8cbc41915eb0,6bad57fc3cf967838a220d8402db37ed9a5b3b4e,87fe1e09f15b373fd74473dddee12e289287b7aa,6bb6bb005197c33fa94026d472ff78d4f36613cc,30eecb23dcd3a785d40b924ebe923831f5276795,9a90e9894e9e079058876cf2b16a47d29ba0a32a,1fe90d34bb7282df0b383289b13a9a190162ce4a,e487553575d95cb5fcf28a98a8be6d4b8a26bced,0de23f20ae4bd95f040017e2db653c6c1b5eabe9,0cafccfc5ce80fc91817de6a5cd74702836de508,5414950d6a42a2f7d41dec6427cbf210dd7d99af,246cb883ab09bc69e842b8124c1537b38bb54335,9ab1c8372dc9da1e085120bd4377be74d0413759,d84b42b325f711e9a7cf0ae65c2428b884464936,b54836b120a0acc5d820f3465a7354eea73d9290,5576f45b99d8f596c3e916ffafa687b00d0c9a04,84d4488537605a86373325f86bbc4cd358921223,9f056a91754b3516ad1521d32abb075b554e62c3,e11bd0fa8cb2768037143f5ed8c772f8a84c64b4,b05fe4ffee8f1c457a79013c2ddc88abcdadc6bb,464f8f076878dd95ae1f77f96edca8e1cd3c5699,6688911f4a484ac2472fa3179f10358905cb9af8,582b66fbdfbedd8eb14b16c9f6522067ea921a13,bfbcca1bf536e4d3eff0ad438e8c3221dc2485d8,79bf03d4e3af93b8bef5b2acceedd3da05203fcb,421c41d576fc1eb94fc5887b684fcff16628641b,e291382fd00e4c7fc9258116885267515da3c49c,9f021823fe0403dd0e34280a08a84389ec981a85,2a1271382a65095941583935a5de3b4d2031b736,ed424bdd65ccf11742f2016ae5bc0b3ad5a99571,d404362adcca5bf62ab9c4bf24b0bd36eb13ab1c,7e056fa27047a868660ff796734dcbd485e1b29a,36394542e6e350b49396ed1b09fecdaba76aece8,73a730f926d25a7d4f693507937b8565b701259c,cb102da9e1ca9899e7e1f0808cb418425d2c7448,f92f69c45eb7e23b6151eae6be6e3b30681c73d8,32239272924e3bf8053aa51adc86d83ceeb39268,88892af934af23fa15571e165c79446d3ef1bd43,9a78608193f766af76cacfafc4f9a6635b1db4ee,c2320c92fdae6815b8952ba98b1e8e5239b5be2a,b3231e963c811fc7f9a049af356f30ad67853e4a,5730e7b9f8dfc23b9001b9ad41a63f99f33ed31b,00c31a24cb78d98ffc075bd0dcca0b3c6e6a705e,4a94f75b0177cab18539317c3f58db2014091a9b,ae315b5ec944571342146867c51b2ceb50f3845e,c0480d8bbddf111e4cd7c67ef7c0daeec3ece2dc,36e7677147607236ab651014ebbff4df052e76be,d434a33ace2dfe6715f4857f9537ee884f4ef410,eb8afb71f52c65855efa1d7e8d3ef314ab7373e2,798a7a8fe8e7f28605341ebabc538908c3ff8dba,51a87113311e78e536ab3632499a186d455f59b8,a0076e70eed5501ac9d8c3ff41ce8018710a1585,9b977660570cfac754d40b84439f1f4cd57b8a9f,a68f8bd700666e87877993107ad1b20ed957c8a8,aa21bd295adcaeb4899d0800a184508ab2997bfd,fff1b2128e157057b60f4c9782e3614c2aaf67c9,fffa6d8e668dbc10b6e79e4aa1bec54c35978212,ae64cc0da4b83289a88478c48ae73f608990a0ec,afe3fe3df98f3439bca05cbe132a0e97b66945e4,63a9f9b8ff6bc93899a76886e4ca41e8ebe35946,3851d1c586e37cdcf2c69c3b9cc1e96ac0dbfee3,5cc02dd9ac4e9f081540586769e82e1544532e1e,5be1f663b62288043c112dbf82319bf0a63fc689,077f9bf5f55fe7dca0b10b3357314c208c2f35ed,2753f95e61d01f25360e1610b63319acde304c3c,7d3185059536ba23b6a4a3fa5a210697c6ac1850,d09b6c69e0e0c6adff8e679f2286a335d883f1bd,12fd5d270a8de2bcf34b082b410448eba02be4c4,b0f159c4a5d232e6aaaf302938dd41f9e59a2236,02a12fa1e901257a16a4e677d3c2d4c86ffa3575,1b629c101bbf793f8e248bbf4396bb41adc0af97,d2f243ee5c656eb51053e553d7371802255dfc54,74070ee4aba7d8d735cbe2ce5453801a0563b043,7c68abcd8c868860097c73e3816b6ac9fcba6eac,05ccdc6411b9d3388a74ba06d1ce153d33ffe1c3,4e4832427afee2d2652d37d3db3ff3b3c80e4ee9,46da70e1fc363a1a343831504de601aa8d56223f,d1103f5ab96f732489711903228de7106d0d80a0,4f2337f6d04669f2032f612ff556c025c85fadb0,95feab6631f96315db3587f42c6c190a9745c2a7,747e5fd4ad54c9d5d691897db941dd10aa5bdabc,28e51d66f3b986989e2580869b428e7d48c253b1,073f06262a60f661d3db5e308daa9877516cda51,f4ae344871bbf6a57e4e4d40ec92527a172402a7,36019ab1728eb084b201ec452d17047555ebc1ef,851aed7ee78684dd1de03d5c3771117840c8e0f0,bdd88a2f6a1cd12f23bc084e64ec24ca60f20e04,d1c3c674fa32ee37334a10eaf42d7a37489e2668,d7138f15119d15404c8149ab95430fcdd1f83cfd,d1ad7961edfa12695e63161e8dca9f528e8ab51a,7a48a7dbdc86caa3cbbc8c57e31b261abd9f801e,3851670d7871e1afc519fa30d66f6155b87be4de,0c04a6bc5b0bce5f9c3f2e49964e163e2500841a,3944775e7703a0497da03fd4f11d051dd8f2d24a,039ff1f8831129676b7e13cd0f9dd48451be9aa9,588751521680af2af2b8e7561d45ba3ac2f67706,da4b97164a89d57990ef19b553cb4a25937efe4a,8a0615b4a7d1fa6864b95e1bb72a5417a54472e2,1c252b94d134169c89dc20cae4f50ae11df8daa9,b0fd5178e87f5212fa8dc98ba0dd6e8aa6abe492,84750421a90a0aa46ff067b683152138e442a448,4b364ecbaa1fd860c0d4f2e7fe36ad4b8eac8c80,fee9791b0afccd063e1cacf913519f09f4db42ff,f3fcdd7cba1d78093e887bae4dff28ed79497391,49d9e51555858cee943cb55943bc6f8f307fb669,6ac831f3273aa55e012bb1cb9953ea25e55e81a2,32a682a5f26e917a8085c8407cadf91c1ca9cbe8,9768e57e3e855c8049614342053199940a6c65f6,8b9a9161caf678bfe2ead7aa970fc6b607372c42,056055febd55e1c19a6216627b8568e60141b9fa,0b3cfae4e619d1ece5ff8afc774eeb52b93166d8,e8737fda3aea7ac28fe04c02fa687d2606b8d6c8,d425fe496a3ebe921baee8a7ac7040e5bfb36db3,174a0aa7d1f643cd27f15c8255627fdfdca1ae22,23a84f0d28c3e1121e493152974c7bb507775d3b,b5b9f7106d66eda6e41cea292bc569886b701448,2aa834265ba76fe0e161ce9fdb612df045dcd576,9fe790d751ab7a7aa32c85f065e3eab21d2b7c89,e0c9452286a6237bf40650d28ddac77899d436ee,9dac99f8179f503941038ed7f92b2341bb8f0010,c7e74f349455bbdb6efd88e1b68a75ac1da83284,383eb46b33de0ce6a9f0d493a4fa88f8793a7e02,c37dbdbe35759b0b3df5955d7ec4e84fd422d34d,f319f0a236c09a3f97cf33c3efa56fc8abb0d0fe,1142183f5674b08be441d85eb55588dd8d720e66,29b988d8c42de38ae16998239ee7cd3789c4993e,521cc542583f8c2c8f8800f19178a0c12645f667,8feb66e6fb57521a831a1a6627eb7e0e52462fd4,af089f6fff9bc9587f6467a50ae6ad1634040193,3841f9cb2041a7af43cbda3ff7c85e78216a6d22,a9075339227fc689a04977f0b9fa714cbc958f15,602f736e2b1585c2bc223ef524fbc7c415b3c6e4,8e1b6ea70b16a39c729700ecfc2fb7e406545e5a,dbfeeac177074692bdf71d98ffb2cacb14802fb3,68ea4edb33a9907a1a2e1cde0374a52225b519b0,a90c3b2b85daa9cbc3fc41b823c08a4a87afd768,9b3b3ca00f71a4ae38149194e3c8c7c448974275,c1b1aec19ca8a2038a5878334efe40a092ed1be0,3d99418cfd641b30b393c9e61cc2b4f5e864d14d,c184e8c14b28eddc20cbdd098f5e47d1ed832898,15f03ab446854cf4d2999c3785d145c89bc3a3e4,cd75ecd90fe7c49c09dde8e4545555edd235b1a2,5fd6c545e5e95b2e2a90b06d95177c57efb6f05b,138f8db85b85ce2061894b42e4f6652c237bc4de,96b7603d9edfcbbc5cecd38bfe598056d8c564e1,71bca78006829221c92cc336878da36bb846d28e,c2ea8c4fc82ec470710de51b41e6de429dfebc80,b5fef7522e59b9930598ffd2a58c96f27f6a2423,5fd65f3b7d18bb1fdf93906463bbd657cbea39c6,cdf0485b23de6d2b746393237da3cfea9d0dc4b9,8bfdd65c0d0c3013b00902a64e591d4aaeaea4dd,64a3bfd29290f53db1e730e955bd401bc68310e3,b7ead2b330e8b3b3a70eaf36895fb1b7f1c6f1b2,e4f3dbac02471cf69d4e525fc24cc288de32ed73,f4dab0f9b3a037c952aaa71219987eb4f44535e5,0e5aa51d1222b5d4434b6c79e41931332e58a7f4,7e6c1d5483b35ab911113dff0f5fd559760d733b,e3113c9476138dbcfab05abf98f560b9c1e33ad1,9631ac1a0ed6853bd7131daf8bd33ae79a674ee8,53e777a2956491cc739ece0ca571c47e5bea96a6,489d6474cc9bcdf412f6a23d707a81fd60a36e53,c29279ca728407edc2e16f0351dc283a31150359,b8a8004d833e16d71be416e8cb5bb8541c81fc12,db97083764e08755fcce7e74c1c81f081db48e3f,e8091d5f72ca1d19872201c3a672f3afd5c1d0c5,29178b2fe4881a46708bd03017fff050ac6af287,4ecbbc08206fc5cd2e91520a5b99ef890f1da75d,b3e6a433eaf8486c8bd5306c48ffa3cb826234bb,d300a1850b4c9aa8b854f5fbc7921c8f9b2892b0,442d4c9d40b2116baaf46375cb66d35279d75dae,61e0251a1d4ddc695382aee11e443506afd40899,7b430eee69d8f70b086a30a6e9d3c42a9db4aa08,41f3cad489d7329fb6a4b8f4edd5aa4392327504,f8fc0311b65b3d82737352f3d01483c0334a6867,c7724e6b356ed0f3cee1236db52ec2ee425f2495,55bf08a5a5087bb0fa2cfe42bafe55a789844f78,4c56c89a1e47927d6006a6f4294c8a84035fe623,8cd13f1381dff81aa5dfe0f6b630fa8198aa0d2b,d44dbe1929b3746f6f931ef5c6499073ed3bbaeb,b166f5f3fe3f460a878cd9d3bc37e69ffdada513,21a7a1c0912e50a09ed9efcbe65f25e6e353a17d,e7116f22cccdc91fa1d84e5e910af5c7a4393478,c35af2a7a16b4df2032c5134abc535d73e561d0b,17e13e5cf5aaf45c403a96de8d38cda091c20d2e,7650fc196341bd673626054593f2ce6e895d7783,432a8a484394f6774fc64486229939c07f8af9e2,56965fd6ff94e79d0f00ae9eac2e9bda48c69129,b5fb5737a0c127584d945acb8f1322bf05dea69f,0ee8895b27c2aa18260c73ec5c1941e48fbeaf75,9a2fd8ccf3a98831a6b30b13987d70753ee8523a,918bc0116db701976ad9d0847b3b5c6a051fbbd8,5ba69a32590074610f5516a20b8198416b79dfcf,a013f3e05aebb3e4b6c4d2a19bbd6f2a95df6208,44164bc3ab80db1abe2918245faecce92f2ce74a,b2b4f155088a2e505cb74134009c9b51110fc1e0,5de5d06a47c7f81d52d9ca24928368ada9364bf5,4378b58bba61ec6e7eb0bbfa5733cf9800a7dec3,3e5315277c85cf6abdaea7b733ec346216ca730a,8738087edd79f2bd2007df0829087f7637aa8aa3,1cbd82782e14f097af600f2334ee4031fc7e2706,ca32e053681d804b50b9804fe0c4a92596a8f291,51753263a4c4d50c5bbe7bb80636cca5b6458ecf,924fb4d50892707f86ee6939a3dd3f3dd47c3bce,0b26ca68747cdecb907d7c238e04b39836efe3d1,f7aaea013e98178064103d9b4cd39f66bad083f3,2491ede3515f4b774069ffd645b0fb18f9c73630,ccb20ad46ab38961aac39cc8634f450046bdf16b,5b6a368c90233072c419e94bd3c3cb8c1362376e,1b81ad19d33710bfa1724262f76cd3cd8114b162,25a1e8960cdc7c7558e1ec7e34e7b8e22cfde152,803a3d901141dcef4bcfce78b568300b283713e4,6bda8868caedc831767e7de398e9d3be53142a11,3864b2114ab11a02cf55e91c1e5553c9c4f854bc,60aeef3d663d18243b19e56b9f1f9d95a1d28908,f785f8b5c1702a41e27b6217b2cf2dea8c316c19,4c6f32569dcb8d9851ca0c3976c1ae055b99e069,1538c0921444d7969ebd07ca1abda9a7e40e4c73,9751eb5c320c879b33d7d90e91591a0da23cce9c,e00e32ebb02aa892e53942153831feae5c3e98bb,4ee374ab36431cdaa071abf99cd4c4501afbf57f,9f19dd4e4e4f4adc948b36a3fd38077cbc691617,ad84add7268ae31f4af681ec9f726a2efe532cda,02492f7bca4d668c7c5ad60641f8d182f966cb37,d0da9e7612e6fb94fea8298a88215783a8125311,a6619e56b10580627fbc7863862c5aaebef57518,73a1c2c1fad6682f528124c3e61a626fa2135109,16045358a43656a756574cba03f51ab3db6cc2b7,4743fd7631e645a5c75a3da2eeb3870af36e985f,b89037fe400b2b5097961c8276fa5c157b6cd49c,82d5f6ad599a5f19771155c5e0f839219bd6da07,bcdbb0eb940d7c8b2cb32431cc856c53ed379cff,ac60e7dd6390fbac3027975e76e96ee9cbbb7332,29ed6fe2ed214b4415ae8d1581579757d44b89c4,b950c3801c00ae60a642b6d6f804145714ca63ec,38eaf7f1077b324630bb7d180872f709b0ee9de2,a9a2d75b269cf5e53c40c69064d3478c1cd43643,62de5a36f17e02c8c0865cc9a6992cc63b58f23c,882df8a21711559d18bf6b38cd6026d78b7e4956,bb6973a6fe132249031a281788f232c975e3456f,b97fa1101e2ad8d4517117113ac2a40a5387e289,b85da71961076d9c205f6d08155a3269a257d4bd,e491f05b71437b47a2d7ed72c2d680188148332a,d7068fd72e4597112dc91011da87d58bdb9c0c3b,6405f6c9c7bc0b31ab43f6aee4fd16598ba82c1f,9784be5e076ce13426813493662378b52228dd57,ebb1f8d16a6e7504298dfabca84e4de7cf2f7cca,b815c781a4334b5c4417a8b6a58ba857867130e0,814bc7065e05e09c6a3a8992906fc8be1fa03074,29c653de66b689939ea21f56080f88f6f3946dc6,b876424228d320fdda5e9c53fc7b966f4400ffb3,7e3e1191b9a02b2a638f8a12e2cc793c0a4735ab,4b01e8fc5c6931516ced47a08e1e6fdaaee7ed0f,fca24e1fc0d707adeb77471aa349ab9491ea0e97,bc9a61fc851791926e8d2b6134f2bbca68a0ae11,2a33c3b192f405cc96fc2aa833f9534028ff707a,fd5cb43da87f0dd5e4c8e3e80ec293bcaa23d0fb,83f8ccc6685bf81a5264c3dfa1969ce061d2bc61,f0d45ea378ce010c2a5f807cd560c540a1d4ae46,a4c767efb58ed057bcbd11dde5140a3537d6c17f,bb1c773c9f1ac0c44792e6836f43905d69cbdec4,05300b26e7918a2c329f902ed0022680f981a3ab,744daf042ec4afdba9949abe95fb473c3d5acc6b,acdbba7957be3567d6eeb756f098d81ca736d995,d1e93e97e6ff696a4948a876452413a4b65abdbc,c8136b98f20f5bb93bae81444ac4ad9247d9042a,b897e60110634932a70be916f0d57f40020b5954,5aa19cb68a7cbd95683db92a0c4bbcf47d4dcb23,be99f44ef39f524b658346be1b5d6fcb9e54bb7a,69bf1c6e4ed89e34fec53fab600b42e1ede0c018,eb0f56dd29d9cb9e09b2e41b5385be0626b82e56,f6deca3db2ec173c8d0b2cd33ef2660012ae3f69,1a00f001fad5636b846062b340237c1a331d77ac,879c49bb7d28946187a04e5cd76236d652825579,8fd810c94575e0e0d16696e7c1027c86f7ddf1f1,d1a596a4ad6717f03917877fc50714bafa55de97,a4da379bb042fcf171a560af5edd9e785d6f8e4e,2b8cdc2343a2169f764511a54f32e0cd41078f40,ee46dfbf934fc91d8d4865bef174b68174790edd,cf567703db2cc6859731405322f19f55345b5c57,5b9f8eb3980f8614bc897a14c11ed9cc9c6747b7,e092873728dc88aebc6ee10153b9bd3cd90cd858
StorageService.java,0,0,0,0,1,0,0,0,0,0,0,0,0,0,0,0,0,0,0,0,1,0,0,0,0,0,0,0,0,0,0,0,0,0,0,0,0,0,1,0,0,0,0,0,0,0,0,0,0,0,0,0,0,0,0,0,0,0,0,0,0,0,0,0,0,0,0,0,0,0,0,0,0,0,0,0,0,0,0,0,0,0,0,0,0,0,0,0,0,0,0,0,0,0,0,0,0,0,0,0,0,0,0,0,0,0,0,0,0,0,0,0,0,0,0,0,0,0,0,0,0,0,0,0,0,0,0,0,0,0,0,0,0,0,0,0,0,0,0,0,0,0,0,0,0,0,0,0,0,0,0,0,0,0,0,0,0,0,0,0,0,0,0,0,0,0,0,0,0,0,0,0,0,0,0,0,0,0,0,1,0,0,0,0,0,0,0,0,0,0,0,0,0,0,0,0,0,0,0,0,0,0,0,0,0,0,0,0,0,1,0,0,0,0,0,0,0,0,0,0,0,0,0,0,0,0,0,0,0,0,0,0,0,0,0,0,0,0,0,0,0,0,0,0,0,0,0,0,0,0,0,0,0,0,0,0,0,0,0,0,0,0,0,0,0,0,0,0,0,0,0,0,0,0,0,0,0,0,0,0,0,0,0,0,0,0,0,0,0,0,0,0,0,0,0,0,0,0,0,0,0,1,0,1,0,0,0,0,0,0,0,0,0,0,0,0,0,0,0,0
ColumnFamilyStore.java,0,0,0,0,0,0,0,0,0,0,0,0,0,0,0,0,0,0,0,0,0,0,0,0,0,0,0,0,0,0,0,0,0,0,0,0,0,0,0,0,1,0,1,0,1,0,0,0,0,0,0,0,0,0,0,0,0,0,0,0,0,1,0,0,0,0,0,0,0,0,0,0,0,0,0,0,0,0,0,0,0,0,0,0,0,0,0,0,0,0,0,0,0,0,0,0,0,0,0,0,0,0,0,0,0,0,0,0,0,0,0,0,0,0,0,0,0,0,0,0,0,0,0,0,0,0,0,0,0,0,0,0,0,0,0,0,0,0,0,0,0,0,0,0,0,0,0,0,0,0,0,0,0,0,0,0,0,0,0,0,0,0,0,0,0,0,0,0,0,0,0,0,0,0,0,0,0,0,0,0,0,0,0,0,0,0,0,0,0,0,0,0,0,0,0,0,0,0,0,0,0,0,0,0,0,0,0,0,0,0,0,0,0,0,0,0,0,0,0,0,0,0,0,1,0,0,0,0,0,0,0,0,0,0,0,0,0,0,0,0,1,0,0,0,0,0,0,0,0,0,0,0,0,0,0,0,0,0,0,0,0,0,0,0,0,0,0,1,0,0,0,0,0,0,0,0,0,0,0,0,0,0,0,0,0,0,0,0,0,0,0,0,0,0,0,0,0,0,0,0,0,0,0,0,0,0,0,0,0,0,0,0,0,0,0,0,0,0,0,0
Gossiper.java,0,0,0,0,1,0,0,0,0,0,0,0,0,0,0,0,0,0,0,0,1,0,0,0,0,0,0,0,0,0,0,0,0,0,0,0,0,0,1,0,0,0,0,0,0,0,0,0,0,0,0,0,0,0,0,0,0,0,0,0,0,0,0,0,0,0,0,0,0,0,0,0,0,0,0,0,0,0,0,0,0,0,0,0,0,0,0,0,0,0,0,0,0,0,0,0,0,0,0,0,0,0,0,0,0,0,0,0,0,0,0,0,0,0,0,0,0,0,0,0,0,0,0,0,0,0,0,0,0,0,0,0,0,0,0,0,0,0,0,0,0,0,0,0,0,0,0,0,0,0,0,0,0,0,0,0,0,0,0,0,0,0,0,0,0,0,0,0,0,0,0,0,0,0,0,0,0,0,0,0,0,0,0,0,0,0,0,0,0,0,0,0,0,0,0,0,0,0,0,0,0,0,0,0,0,0,0,0,0,0,0,0,0,0,0,0,0,0,0,0,0,0,0,0,0,0,0,0,0,0,0,0,0,0,0,0,0,0,0,0,0,0,0,0,0,0,0,0,0,0,0,0,0,0,0,0,0,0,0,0,0,0,0,0,0,0,0,0,0,0,0,0,0,0,0,0,0,0,0,0,0,0,0,0,0,0,0,0,0,0,0,0,0,0,0,0,0,0,0,0,0,1,0,1,0,1,0,0,0,0,0,0,0,0,0,0,0,0,0,0
RowCacheTest.java,0,0,0,0,0,0,0,0,0,0,0,0,0,0,0,0,0,0,0,0,0,0,0,0,0,0,0,0,0,0,0,0,0,0,0,0,0,0,0,0,0,0,0,0,0,0,0,0,0,0,0,0,0,0,0,0,0,0,0,0,0,0,0,0,0,1,0,0,1,0,0,0,0,0,0,0,0,0,0,0,0,0,0,0,0,0,0,0,0,0,0,0,0,0,0,0,0,0,0,0,0,0,0,0,0,0,0,0,0,0,0,0,0,0,0,0,0,0,0,0,0,0,0,0,0,0,0,0,0,0,0,0,0,0,0,0,0,0,0,0,0,0,0,0,0,0,0,0,0,0,0,0,0,0,0,0,0,0,0,0,0,0,0,0,0,0,0,0,0,0,0,0,0,0,0,0,0,0,1,0,0,0,0,0,0,0,0,0,0,0,0,0,0,0,0,0,0,0,0,0,0,0,0,0,0,0,0,0,0,0,0,0,0,0,0,0,0,0,0,0,0,0,0,1,0,0,0,0,0,0,0,0,0,0,0,0,0,0,0,0,1,0,0,0,0,0,0,0,0,0,0,0,0,0,0,0,0,0,0,0,0,0,0,0,0,0,0,0,0,0,0,0,0,0,0,0,0,0,0,0,0,0,0,0,0,0,0,0,0,0,0,0,0,0,0,1,0,0,0,0,0,0,0,0,0,0,0,0,0,0,0,0,0,0,0,0,0,0,0,0
StorageProxy.java,0,0,0,0,1,0,0,0,0,0,0,0,0,0,0,0,0,0,0,0,1,0,0,0,0,0,0,0,0,0,0,0,0,0,0,0,0,0,0,0,0,0,0,0,0,0,0,0,0,0,0,0,0,0,0,0,0,0,0,0,0,0,0,0,0,0,0,0,0,0,0,0,0,0,0,0,0,0,0,0,0,0,0,0,0,0,0,0,0,0,0,0,0,0,0,0,0,0,0,0,0,0,0,0,0,0,0,0,0,0,0,0,0,0,0,0,0,0,0,0,0,0,0,0,0,0,0,0,0,0,0,0,0,0,0,0,0,0,0,0,0,0,0,0,0,0,0,0,0,0,0,0,0,0,0,0,0,0,0,0,0,0,0,0,0,0,0,0,0,0,0,0,1,0,0,0,0,1,0,0,0,0,0,0,0,0,0,0,0,0,0,0,0,0,0,0,0,0,0,0,0,0,0,0,0,0,0,0,0,0,0,0,0,0,0,0,0,0,0,0,0,0,0,0,0,0,0,0,0,0,0,0,0,0,0,0,0,0,0,0,0,0,0,0,0,0,0,0,0,0,0,0,0,0,0,0,0,0,0,0,0,0,0,0,0,0,0,0,0,0,0,0,0,0,0,0,0,0,0,0,0,0,0,0,0,0,0,0,0,0,0,0,0,0,0,0,0,0,0,0,0,0,0,0,0,0,0,0,0,0,0,0,0,0,0,0,0,0,0,0
CompactionManager.java,0,0,0,0,1,0,0,0,0,0,0,0,0,1,0,0,0,0,0,0,1,0,0,0,0,0,0,0,0,0,0,0,0,0,0,0,0,0,1,0,0,0,0,0,0,0,0,0,0,0,0,0,0,0,0,0,0,0,0,0,0,0,0,0,0,0,0,0,0,0,0,0,0,0,0,0,0,0,0,0,0,0,0,0,0,0,0,0,0,0,0,0,0,0,0,0,0,0,0,0,0,0,0,0,0,0,0,0,0,0,0,0,0,0,0,0,0,0,0,0,0,0,0,0,0,0,0,0,0,0,0,0,0,0,0,0,0,0,0,0,0,0,0,0,0,0,0,0,0,0,0,0,0,0,0,0,0,0,0,0,0,0,0,0,0,0,0,0,0,0,0,0,0,0,0,0,0,0,0,0,0,0,0,0,0,0,0,0,0,0,0,0,0,0,0,0,0,0,0,0,0,0,0,0,0,0,0,0,0,0,0,0,0,0,0,0,0,0,0,0,0,0,0,0,0,0,0,0,0,0,0,0,0,0,0,0,0,0,0,0,0,0,0,0,0,0,0,0,0,0,0,0,0,0,0,0,0,0,0,0,0,0,0,0,0,0,0,0,0,0,0,0,0,0,0,0,0,0,0,0,0,0,0,0,0,0,0,0,0,0,0,0,0,0,0,0,0,0,0,0,0,0,0,0,0,0,0,0,0,0,0,0,0,0,0,0,0,0,0,0
SSTableRewriter.java,0,0,0,0,1,0,0,0,0,0,0,0,0,0,0,0,0,0,0,0,1,0,0,0,0,0,0,0,0,0,0,0,0,0,0,0,0,0,1,0,0,0,0,0,0,0,0,0,0,0,0,0,0,0,0,0,0,0,0,0,0,0,0,0,0,0,0,0,0,0,0,0,0,0,0,0,0,0,0,0,0,0,0,0,0,0,0,0,0,0,0,0,0,0,0,0,0,0,0,0,0,0,0,0,0,0,0,0,0,0,0,0,0,0,0,0,0,0,0,0,0,0,0,0,0,0,0,0,0,0,0,0,0,0,0,0,0,0,0,0,0,0,0,0,0,0,0,1,0,0,0,0,0,0,0,0,0,0,0,0,0,0,0,0,0,0,0,0,0,0,0,0,0,0,0,0,0,0,0,0,0,0,0,0,0,0,0,0,0,0,0,0,0,0,0,0,0,0,0,0,0,0,0,0,0,0,0,0,0,0,0,0,0,0,0,0,0,0,0,0,0,0,0,0,0,0,0,0,0,0,0,0,0,0,0,0,0,0,0,0,0,0,0,0,0,0,0,0,0,0,0,0,0,0,0,0,0,0,0,0,0,0,0,0,0,0,0,0,0,0,0,0,0,0,1,0,0,0,0,0,0,0,0,0,0,0,0,0,0,0,0,0,0,0,0,0,0,0,0,0,0,0,0,0,0,0,0,0,0,0,0,0,0,0,0,0,0,0,0,0
StreamReader.java,1,0,0,0,0,0,0,0,0,0,0,0,0,0,0,0,0,0,0,0,0,0,0,0,0,0,0,0,0,0,0,0,0,0,1,0,0,0,0,0,0,0,0,0,0,0,0,0,0,0,0,0,0,0,0,0,0,0,0,0,0,0,0,0,0,0,0,0,0,0,0,0,0,0,0,0,0,0,0,0,0,0,0,0,0,0,0,0,0,0,0,0,0,0,0,0,0,0,0,0,0,0,0,0,0,0,0,0,0,0,0,0,0,0,0,0,0,0,0,0,0,0,0,0,0,0,0,0,0,0,0,0,0,0,0,0,0,0,0,0,0,0,0,0,0,0,0,0,0,0,0,0,0,0,0,0,0,0,0,0,0,0,0,0,0,0,0,0,0,0,0,0,0,0,0,0,0,0,0,0,0,0,0,0,0,0,0,0,0,0,0,0,0,0,0,0,0,0,0,0,0,0,0,0,0,0,0,0,0,0,0,0,0,0,0,0,0,0,0,0,0,0,0,0,0,0,0,0,0,0,0,0,0,0,0,0,0,0,0,0,0,0,0,0,0,0,0,0,0,0,0,0,0,0,0,0,0,0,0,0,0,0,0,0,0,0,0,0,0,0,0,0,0,0,0,0,0,0,0,0,0,0,0,0,0,0,0,0,0,0,0,0,0,0,0,0,0,1,0,1,0,0,0,0,0,0,0,0,0,0,0,0,0,0,0,0,0,0,0,0
NodeProbe.java,0,0,0,0,0,0,0,0,0,0,0,0,0,0,0,0,0,0,0,0,0,0,0,0,0,0,0,0,0,0,0,0,0,0,0,0,0,0,0,0,0,0,0,0,0,0,0,0,0,0,0,0,0,0,0,0,0,0,0,0,0,0,0,0,0,0,0,0,0,0,0,0,0,0,0,0,0,0,1,0,1,0,0,0,0,0,0,0,0,0,0,0,0,0,0,1,0,0,0,0,0,0,0,0,0,0,0,0,0,0,0,0,0,0,0,0,0,0,0,0,0,0,0,0,0,0,0,0,0,0,0,0,0,0,0,0,0,0,0,0,0,0,0,0,0,0,0,0,0,0,0,0,0,0,0,0,0,0,0,0,0,0,0,0,0,0,0,0,0,0,0,0,0,0,0,0,0,0,0,0,0,0,0,0,0,0,0,0,0,0,0,0,0,0,0,0,0,0,0,0,0,0,0,0,0,0,0,0,0,1,0,0,0,0,0,0,0,0,0,0,0,0,0,0,0,0,0,0,0,0,0,0,0,0,0,0,0,0,0,0,0,0,0,0,0,0,0,0,0,0,0,0,0,0,0,0,0,0,0,0,0,0,0,0,0,0,0,0,0,0,0,0,0,0,0,0,0,0,0,0,0,0,0,0,0,0,0,0,0,0,0,0,0,0,0,0,0,0,0,0,0,0,0,0,0,0,0,0,0,0,0,0,0,0,0,0,0,0,0,0
SecondaryIndexManager.java,0,0,0,0,0,0,0,0,0,0,0,1,0,0,0,0,0,0,0,0,0,0,0,0,0,0,0,0,0,0,0,0,0,0,0,0,0,0,0,0,0,0,0,0,0,0,0,0,0,0,0,0,0,0,0,0,0,0,0,0,0,0,0,0,0,0,0,0,0,0,0,0,0,0,0,0,0,0,1,0,0,0,0,0,0,0,0,0,0,0,0,0,0,0,0,0,0,0,0,0,0,0,0,0,0,0,0,0,0,0,0,0,0,0,0,0,0,0,0,0,0,0,0,0,0,0,0,0,0,0,0,0,0,0,0,0,0,0,0,0,0,0,0,0,0,0,0,0,0,0,0,0,0,0,0,0,0,0,0,0,0,0,0,0,0,0,0,0,0,0,0,0,0,0,0,0,0,0,0,0,0,0,0,0,0,0,0,0,0,0,0,0,0,0,0,0,0,0,0,0,0,0,0,0,0,0,0,0,0,1,0,0,0,0,0,1,0,0,0,0,0,0,0,0,0,0,0,0,0,0,0,0,0,0,0,0,0,0,0,0,0,0,0,0,0,0,0,0,0,0,0,0,0,0,0,0,0,0,0,0,0,0,0,0,0,0,0,0,0,0,0,0,0,0,0,0,0,0,0,0,0,0,0,0,0,0,0,0,0,0,0,0,0,0,0,0,0,0,0,0,0,0,0,0,0,0,0,0,0,0,0,0,0,0,0,0,0,0,0,0
SecondaryIndexTest.java,0,0,0,0,0,0,0,0,0,0,0,0,0,0,0,0,0,0,0,0,0,0,0,0,0,0,0,0,0,0,0,0,0,0,0,0,0,0,0,0,0,0,0,0,0,0,0,0,0,0,0,0,0,0,0,0,0,0,0,0,0,0,0,0,0,0,0,0,0,0,0,0,0,0,0,0,0,0,0,0,0,0,0,1,0,0,0,0,0,0,0,0,0,0,0,0,0,0,0,0,0,0,0,0,0,0,0,0,0,0,0,0,0,0,0,0,0,0,0,0,0,0,0,0,0,0,0,0,0,0,0,0,0,0,0,0,0,0,0,0,0,0,0,0,0,0,0,0,0,0,0,0,0,0,0,0,0,0,0,0,0,0,0,0,0,0,0,0,0,0,0,0,0,0,0,0,0,0,0,0,0,0,0,0,0,0,0,0,0,0,0,0,0,0,0,0,0,0,0,0,0,0,0,0,0,0,0,0,0,0,0,0,0,0,0,1,0,0,0,0,0,0,0,1,0,0,0,0,0,0,0,0,0,0,0,0,0,0,0,0,1,0,0,0,0,0,0,0,0,0,0,0,0,0,0,0,0,0,0,0,0,0,0,0,0,0,0,0,0,0,0,0,0,0,0,0,0,0,0,0,0,0,0,0,0,0,0,0,0,0,0,0,0,0,0,0,0,0,0,0,0,0,0,0,0,0,0,0,0,0,0,0,0,0,0,0,0,0,0,0
MigrationManager.java,0,0,0,0,0,0,0,0,0,0,0,0,0,0,0,0,0,0,0,0,0,0,0,0,0,0,0,0,0,0,0,0,0,0,0,0,0,0,0,0,0,0,0,0,0,0,0,0,0,0,0,0,0,0,0,0,0,0,0,0,0,0,0,0,0,0,0,0,0,0,0,0,0,0,0,0,0,0,0,0,0,0,0,0,0,0,0,0,0,0,0,0,0,0,0,0,0,0,0,0,0,0,0,0,0,0,0,0,0,0,0,0,0,0,0,0,0,0,0,0,0,0,0,0,0,0,0,0,0,0,0,0,0,0,0,0,0,0,0,0,0,0,0,0,0,0,0,0,0,0,0,0,0,0,0,0,0,0,0,0,0,0,0,0,0,0,0,0,0,0,0,0,0,0,0,0,0,0,0,0,0,0,0,0,0,0,0,0,0,0,0,0,0,0,0,0,0,0,0,0,0,0,0,0,0,0,0,0,0,0,0,0,0,0,0,0,0,0,0,0,0,0,0,0,0,0,0,0,0,0,0,0,0,0,0,0,0,0,0,0,0,0,0,0,0,0,0,0,0,0,0,0,0,0,0,0,0,0,0,0,0,0,1,0,0,0,0,0,0,0,0,0,0,0,0,0,0,0,0,0,0,0,0,0,0,0,0,0,0,0,0,0,0,0,0,0,0,0,0,0,0,0,0,0,0,0,0,0,0,1,0,1,0,0,1,0,0,0,0,0
